learning evaluation instances,evaluation time (cpu seconds),model cost (RAM-Hours),classified instances,classifications correct (percent),Kappa Statistic (percent),Kappa Temporal Statistic (percent),Kappa M Statistic (percent),model training instances,model serialized size (bytes),[avg] model training instances,[err] model training instances,[avg] model serialized size (bytes),[err] model serialized size (bytes),[avg] tree size (nodes),[err] tree size (nodes),[avg] tree size (leaves),[err] tree size (leaves),[avg] active learning leaves,[err] active learning leaves,[avg] tree depth,[err] tree depth,[avg] active leaf byte size estimate,[err] active leaf byte size estimate,[avg] inactive leaf byte size estimate,[err] inactive leaf byte size estimate,[avg] byte size estimate overhead,[err] byte size estimate overhead
1000.0,0.022928461,-5.9316092584696086E-15,1000.0,66.8,34.29775781203619,60.28708133971292,22.969837587006978,1000.0,-1.0,750.0,353.5533905932738,-7.5,4.949747468305833,2.0,1.4142135623730951,1.5,0.7071067811865476,1.5,0.7071067811865476,0.5,0.7071067811865476,0.0,0.0,0.0,0.0,1.0,0.0
2000.0,0.054675772,-1.4144661318924693E-14,2000.0,84.1,68.21678153934721,80.46683046683046,67.81376518218623,2000.0,-1.0,1250.0,645.4972243679028,-16.25,3.5,4.5,1.0,2.75,0.5,2.75,0.5,1.75,0.5,0.0,0.0,0.0,0.0,1.0,0.0
3000.0,0.098836236,-2.55690049380064E-14,3000.0,87.6,75.17616912235746,85.44600938967136,73.78435517970402,3000.0,-1.0,1750.0,935.4143466934853,-16.833333333333332,5.269408568963566,4.666666666666667,1.505545305418162,2.8333333333333335,0.752772652709081,2.8333333333333335,0.752772652709081,1.8333333333333333,0.752772652709081,0.0,0.0,0.0,0.0,1.0,0.0
4000.0,0.163044166,-4.217964234865374E-14,4000.0,86.9,73.80649598899473,84.10194174757282,73.90438247011953,4000.0,-1.0,2250.0,1224.744871391589,-25.874999999999996,16.066269013059628,7.25,4.590362575159894,4.125,2.295181287579947,4.125,2.295181287579947,2.5,1.5118578920369088,0.0,0.0,0.0,0.0,1.0,0.0
5000.0,0.235190424,-6.08439308901628E-14,5000.0,87.1,74.19504544872616,84.30656934306569,73.83367139959431,5000.0,-1.0,2750.0,1513.8251770487457,-30.6,18.013575127910862,8.6,5.146735750831676,4.8,2.573367875415838,4.8,2.573367875415838,2.7,1.4181364924121764,0.0,0.0,0.0,0.0,1.0,0.0
6000.0,0.318221033,-8.232400881954366E-14,6000.0,86.5,73.0136011450229,83.0827067669173,72.67206477732793,6000.0,-1.0,3550.0,1832.575600987128,-38.300000000000004,20.72599012512229,10.8,5.921711464320654,5.8999999999999995,2.9608557321603266,5.8999999999999995,2.9608557321603266,3.2,1.6865480854231358,0.0,0.0,0.0,0.0,1.0,0.0
7000.0,0.39037068,-1.0098917409777642E-13,7000.0,87.5,74.99339825713989,84.60591133004927,73.73949579831933,7000.0,-1.0,4350.0,2186.4481598143493,-43.900000000000006,21.142111741472018,12.399999999999999,6.04060335470629,6.699999999999999,3.020301677353145,6.699999999999999,3.020301677353145,3.8000000000000003,1.8737959096740262,0.0,0.0,0.0,0.0,1.0,0.0
8000.0,0.471791504,-1.220527994963858E-13,8000.0,87.2,74.39713247883763,84.23645320197043,74.29718875502009,8000.0,-1.0,5150.0,2560.9243123008014,-51.599999999999994,25.517749813718986,14.6,7.290785661062569,7.8,3.6453928305312844,7.8,3.6453928305312844,4.299999999999999,2.162817093001111,0.0,0.0,0.0,0.0,1.0,0.0
9000.0,0.545047657,-1.4100421866815952E-13,9000.0,87.3,74.60426648323082,84.32098765432099,74.7011952191235,9000.0,-1.0,5950.0,2948.1632700151913,-57.9,27.81466439767979,16.399999999999995,7.947046970765651,8.699999999999998,3.9735234853828256,8.699999999999998,3.9735234853828256,4.6,2.065591117977289,0.0,0.0,0.0,0.0,1.0,0.0
10000.0,0.618536113,-1.600157347921696E-13,10000.0,87.9,75.78488977121725,84.83709273182957,75.75150300601202,10000.0,-1.0,6750.0,3343.7337746231465,-64.9,33.17110523064045,18.4,9.477458637325842,9.7,4.738729318662921,9.7,4.738729318662921,4.900000000000001,2.4698178070456946,0.0,0.0,0.0,0.0,1.0,0.0
11000.0,0.69948396,-1.8095700070261955E-13,11000.0,86.2,72.39735014561397,82.44274809160305,72.17741935483872,11000.0,-1.0,7550.000000000001,3744.9966622148013,-74.0,33.81321240777535,21.0,9.66091783079296,11.0,4.83045891539648,11.0,4.83045891539648,5.4,2.2211108331943574,0.0,0.0,0.0,0.0,1.0,0.0
12000.0,0.775382107,-2.005919056116707E-13,12000.0,89.1,78.20069757767752,86.96172248803828,77.61806981519508,12000.0,-1.0,8400.0,4053.804797142227,-80.99999999999999,38.34057902536162,23.0,10.954451150103322,12.0,5.477225575051661,12.0,5.477225575051661,5.5,2.5495097567963927,0.0,0.0,0.0,0.0,1.0,0.0
13000.0,0.8617946,-2.229468793504768E-13,13000.0,86.5,72.98941184944499,82.91139240506328,72.61663286004057,13000.0,-1.0,8450.0,5013.592635138111,-81.7,46.368212291516166,23.2,13.248060654718905,12.1,6.624030327359453,12.1,6.624030327359453,5.3,2.7100635498903793,0.0,0.0,0.0,0.0,1.0,0.0
14000.0,0.94272527,-2.438837015587423E-13,14000.0,89.9,79.80016159870722,88.03317535545024,79.80000000000001,14000.0,-1.0,9100.0,5556.777643362902,-88.7,54.86559334713636,25.2,15.67588381346753,13.1,7.837941906733765,13.1,7.837941906733765,5.300000000000001,3.0568684048294337,0.0,0.0,0.0,0.0,1.0,0.0
15000.0,1.023640076,-2.648164197388623E-13,15000.0,89.3,78.60171186305097,87.07729468599034,78.3838383838384,15000.0,-1.0,9900.0,5896.326540030383,-96.4,56.07772384031926,27.4,16.022206811519787,14.2,8.011103405759894,14.2,8.011103405759894,5.699999999999999,3.056868404829433,0.0,0.0,0.0,0.0,1.0,0.0
16000.0,1.108704328,-2.868226025667456E-13,16000.0,88.9,77.80905390600635,86.62650602409639,77.62096774193549,16000.0,-1.0,10700.0,6245.887535900011,-104.8,58.305326610105794,29.8,16.658664745744513,15.4,8.329332372872257,15.4,8.329332372872257,6.1,3.142893217686178,0.0,0.0,0.0,0.0,1.0,0.0
17000.0,1.195033238,-3.0915595332367557E-13,17000.0,89.5,78.99915996639865,87.3798076923077,79.12524850894633,17000.0,-1.0,11500.0,6603.87091871965,-113.9,62.00259851185451,32.4,17.715028146244144,16.7,8.857514073122072,16.7,8.857514073122072,6.4,3.098386676965934,0.0,0.0,0.0,0.0,1.0,0.0
18000.0,1.265140283,-3.2729269600369867E-13,18000.0,88.0,75.99740772003376,85.36585365853657,76.04790419161677,18000.0,-1.0,11900.0,7467.708260682568,-115.3,72.40480340112495,32.800000000000004,20.687086686035702,16.900000000000002,10.343543343017851,16.900000000000002,10.343543343017851,6.100000000000001,3.5730472522297645,0.0,0.0,0.0,0.0,1.0,0.0
19000.0,1.36244623,-3.524658140829868E-13,19000.0,87.9,75.80212941261169,84.95024875621891,74.63312368972747,19000.0,-1.0,12750.0,7721.72260574025,-128.6,74.28653235202789,36.60000000000001,21.224723529150836,18.800000000000004,10.612361764575418,18.800000000000004,10.612361764575418,6.500000000000001,3.0641293851417064,0.0,0.0,0.0,0.0,1.0,0.0
20000.0,1.446238619,-3.7414296504317063E-13,20000.0,87.7,75.3805013570748,84.79604449938195,74.26778242677824,20000.0,-1.0,13650.0,7902.3554856904675,-139.1,80.29175964360643,39.599999999999994,22.940502755316125,20.299999999999997,11.470251377658062,20.299999999999997,11.470251377658062,6.7,3.2335051500740732,0.0,0.0,0.0,0.0,1.0,0.0
21000.0,1.517087061,-3.924715076573194E-13,21000.0,88.1,76.2079941139777,85.125,76.05633802816901,21000.0,-1.0,14550.0,8091.319079386528,-144.70000000000005,75.71298142033213,41.199999999999996,21.632280405809173,21.099999999999998,10.816140202904586,21.099999999999998,10.816140202904586,7.2,2.973961069759395,0.0,0.0,0.0,0.0,1.0,0.0
22000.0,1.601398363,-4.142829017817147E-13,22000.0,86.8,73.6015839049657,82.90155440414507,72.8395061728395,22000.0,-1.0,15449.999999999998,8288.043597053931,-156.60000000000002,78.28324639836208,44.6,22.366641828103447,22.8,11.183320914051723,22.8,11.183320914051723,7.4,2.4585451886114367,0.0,0.0,0.0,0.0,1.0,0.0
23000.0,1.67828088,-4.3417246391375866E-13,23000.0,88.0,75.98078462770216,84.18972332015811,74.2489270386266,23000.0,-1.0,16349.999999999998,8491.98968963628,-164.29999999999998,84.7388799653251,46.800000000000004,24.211108561521467,23.900000000000002,12.105554280760733,23.900000000000002,12.105554280760733,7.6000000000000005,3.1340424729448424,0.0,0.0,0.0,0.0,1.0,0.0
24000.0,1.763007651,-4.560913401655854E-13,24000.0,89.2,78.4,84.68085106382978,77.91411042944786,24000.0,-1.0,17250.0,8702.64966036845,-176.9,87.49533320888224,50.4,24.998666631109213,25.7,12.499333315554606,25.7,12.499333315554606,8.2,3.1198290551460235,0.0,0.0,0.0,0.0,1.0,0.0
25000.0,1.856483527,-4.80273616138018E-13,25000.0,86.4,72.79379698571275,78.61635220125785,71.90082644628099,25000.0,-1.0,15850.0,10127.108833884096,-164.3,104.37331502299277,46.8,29.820947149426505,23.9,14.910473574713253,23.9,14.910473574713253,7.6000000000000005,4.005551702879947,0.0,0.0,0.0,0.0,1.0,0.0
26000.0,1.953997163,-5.055004635101393E-13,26000.0,88.1,76.20228458068026,82.55131964809385,75.4639175257732,26000.0,-1.0,16650.0,10461.70264451357,-174.79999999999998,109.25383288470937,49.8,31.215380824202676,25.4,15.607690412101338,25.4,15.607690412101338,7.9,4.1486276177925525,0.0,0.0,0.0,0.0,1.0,0.0
27000.0,2.041067231,-5.280255523717239E-13,27000.0,86.7,73.47384880492707,81.05413105413105,72.05882352941177,27000.0,-1.0,17450.0,10802.39171048091,-180.39999999999998,110.32497450713504,51.400000000000006,31.521421287752876,26.200000000000003,15.760710643876438,26.200000000000003,15.760710643876438,8.0,4.242640687119285,0.0,0.0,0.0,0.0,1.0,0.0
28000.0,2.139104526,-5.533878707016509E-13,28000.0,89.5,78.94542654560621,86.8421052631579,79.12524850894633,28000.0,-1.0,18250.0,11148.61725357305,-190.89999999999998,117.18119871947604,54.400000000000006,33.48034249127887,27.700000000000003,16.740171245639434,27.700000000000003,16.740171245639434,8.2,4.315347288715269,0.0,0.0,0.0,0.0,1.0,0.0
29000.0,2.222815062,-5.750438462321958E-13,29000.0,87.0,73.96334038325962,83.11688311688312,73.14049586776859,29000.0,-1.0,19050.0,11499.879226418954,-197.9,120.70574873541764,56.4,34.4873567815479,28.7,17.24367839077395,28.7,17.24367839077395,8.299999999999999,4.398231968012197,0.0,0.0,0.0,0.0,1.0,0.0
30000.0,2.311383557,-5.97956579230312E-13,30000.0,88.8,77.6511342049391,86.18988902589398,77.18940936863544,30000.0,-1.0,19850.0,11855.729978931426,-208.39999999999998,121.14472520272784,59.4,34.612778629350814,30.2,17.306389314675407,30.2,17.306389314675407,8.8,4.077035960378841,0.0,0.0,0.0,0.0,1.0,0.0
31000.0,2.407524956,-6.228284279091492E-13,31000.0,86.7,73.4,83.10038119440915,73.23943661971832,31000.0,-1.0,20650.0,12215.768498133879,-218.2,130.54994787011174,62.2,37.29998510574621,31.6,18.649992552873105,31.6,18.649992552873105,8.7,4.571651780264984,0.0,0.0,0.0,0.0,1.0,0.0
32000.0,2.493075409,-6.449603912834493E-13,32000.0,87.8,75.59609537526003,85.04901960784312,73.70689655172413,32000.0,-1.0,21450.0,12579.63521816997,-226.60000000000002,134.23462047226616,64.6,38.35274870636175,32.8,19.176374353180876,32.8,19.176374353180876,8.9,4.701063709417263,0.0,0.0,0.0,0.0,1.0,0.0
33000.0,2.571751308,-6.65313902621468E-13,33000.0,88.2,76.38554795534867,85.46798029556649,75.21008403361344,33000.0,-1.0,22249.999999999996,12947.007376224052,-233.60000000000002,137.8366182599288,66.6,39.38189093140822,33.8,19.69094546570411,33.8,19.69094546570411,9.0,4.714045207910317,0.0,0.0,0.0,0.0,1.0,0.0
34000.0,2.662729748,-6.888500901146068E-13,34000.0,87.0,74.00197584983542,83.89095415117721,73.89558232931726,34000.0,-1.0,23050.000000000004,13317.594877955005,-242.70000000000002,142.98022396277202,69.19999999999999,40.851492560792,35.099999999999994,20.425746280396,35.099999999999994,20.425746280396,9.2,4.732863826479693,0.0,0.0,0.0,0.0,1.0,0.0
35000.0,2.743821803,-7.098286627377901E-13,35000.0,87.6,75.2,84.63444857496903,73.67303609341825,35000.0,-1.0,23850.0,13691.136630032664,-249.7,145.80813115567702,71.2,41.659466044479146,36.1,20.829733022239573,36.1,20.829733022239573,9.2,4.732863826479693,0.0,0.0,0.0,0.0,1.0,0.0
36000.0,2.832764206,-7.328381260029145E-13,36000.0,90.2,80.37802338619254,88.44339622641509,79.66804979253112,36000.0,-1.0,21200.0,15162.453627299245,-221.70000000000002,159.43514878052036,63.2,45.55289965157725,32.1,22.776449825788625,32.1,22.776449825788625,8.5,5.1478150704934995,0.0,0.0,0.0,0.0,1.0,0.0
37000.0,2.908741389,-7.524934775816898E-13,37000.0,89.2,78.39766694803039,86.89320388349515,78.0040733197556,37000.0,-1.0,18699.999999999996,15897.588915723458,-197.20000000000005,167.84437236122434,56.19999999999999,47.955534960349816,28.599999999999994,23.977767480174908,28.599999999999994,23.977767480174908,7.699999999999999,5.143496432929214,0.0,0.0,0.0,0.0,1.0,0.0
38000.0,3.003935324,-7.771202166461283E-13,38000.0,88.1,76.21294016055266,85.45232273838631,75.76374745417516,38000.0,-1.0,19350.0,16323.21114922619,-205.6,171.61662701109898,58.599999999999994,49.033322003171136,29.799999999999997,24.516661001585568,29.799999999999997,24.516661001585568,7.7,5.186520991955976,0.0,0.0,0.0,0.0,1.0,0.0
39000.0,3.090534991,-7.995236124325958E-13,39000.0,87.7,75.4,84.625,75.10121457489879,39000.0,-1.0,20150.0,16579.85725712579,-214.7,175.4644946674081,61.2,50.132712762116604,31.1,25.066356381058302,31.1,25.066356381058302,7.8999999999999995,5.130518708885313,0.0,0.0,0.0,0.0,1.0,0.0
40000.0,3.172260353,-8.206660220296019E-13,40000.0,89.0,77.99119647859143,86.61800486618004,77.55102040816327,40000.0,-1.0,20950.0,16843.148953407337,-221.0,177.82388291040473,63.0,50.80682368868707,32.0,25.403411844343534,32.0,25.403411844343534,7.999999999999999,4.988876515698588,0.0,0.0,0.0,0.0,1.0,0.0
41000.0,3.249225756,-8.405770268291236E-13,41000.0,88.5,77.00367941129419,85.95848595848597,77.31755424063117,41000.0,-1.0,21800.0,17046.016152364362,-227.3,179.14925496790534,64.8,51.185501419401525,32.9,25.592750709700763,32.9,25.592750709700763,8.1,4.909175083453431,0.0,0.0,0.0,0.0,1.0,0.0
42000.0,3.326326523,-8.605230503922536E-13,42000.0,89.8,79.60391604811876,87.91469194312796,78.29787234042553,42000.0,-1.0,22700.0,17187.204542915057,-235.00000000000003,180.07529289469755,67.0,51.450083684199306,34.0,25.725041842099653,34.0,25.725041842099653,8.5,4.790035954399972,0.0,0.0,0.0,0.0,1.0,0.0
43000.0,3.404947693,-8.808624032988317E-13,43000.0,89.2,78.39662987426038,86.68310727496919,78.26961770623743,43000.0,-1.0,23350.0,17669.889643118884,-240.60000000000002,183.63199914805455,68.60000000000001,52.466285470872734,34.800000000000004,26.233142735436367,34.800000000000004,26.233142735436367,8.5,4.994441354590566,0.0,0.0,0.0,0.0,1.0,0.0
44000.0,3.483510944,-9.011867725186879E-13,44000.0,88.7,77.3989151479271,86.01485148514851,76.65289256198348,44000.0,-1.0,24150.0,17956.815481098598,-245.49999999999997,185.0629022191584,70.0,52.87511491975954,35.5,26.43755745987977,35.5,26.43755745987977,8.6,4.948624949305503,0.0,0.0,0.0,0.0,1.0,0.0
45000.0,3.570888109,-9.237913075937993E-13,45000.0,87.6,75.19493976771261,84.46115288220551,75.0503018108652,45000.0,-1.0,24950.0,18248.972573819054,-253.9,186.98868058432487,72.39999999999999,53.4253373098071,36.699999999999996,26.71266865490355,36.699999999999996,26.71266865490355,8.8,4.894441291460708,0.0,0.0,0.0,0.0,1.0,0.0
46000.0,3.64990723,-9.442336107086804E-13,46000.0,87.4,74.8,83.86683738796414,74.74949899799599,46000.0,-1.0,25750.0,18546.11369892176,-260.9,188.49665484800752,74.4,53.856187099430734,37.7,26.928093549715367,37.7,26.928093549715367,9.100000000000001,4.748099034818508,0.0,0.0,0.0,0.0,1.0,0.0
47000.0,3.722490307,-9.630109046378897E-13,47000.0,88.6,77.20729366602687,85.80323785803239,75.58886509635975,47000.0,-1.0,26650.0,18699.450378137975,-267.2,191.70857512844273,76.2,54.7738786081265,38.6,27.38693930406325,38.6,27.38693930406325,9.3,4.547282460742655,0.0,0.0,0.0,0.0,1.0,0.0
48000.0,3.823296304,-9.89089488155312E-13,48000.0,89.5,78.99428644591329,86.09271523178809,77.56410256410257,48000.0,-1.0,27550.0,18856.84373259628,-283.99999999999994,200.28646151616607,81.0,57.22470329033315,41.0,28.612351645166576,41.0,28.612351645166576,9.499999999999998,4.27525177946022,0.0,0.0,0.0,0.0,1.0,0.0
49000.0,3.922032306,-1.0146325624858339E-12,49000.0,87.4,74.80564353584796,81.25000000000001,73.85892116182573,49000.0,-1.0,28450.0,19018.193044205505,-298.7,206.74571069042494,85.2,59.07020305440712,43.1,29.53510152720356,43.1,29.53510152720356,9.9,4.458450154232722,0.0,0.0,0.0,0.0,1.0,0.0
50000.0,4.018494249,-1.0395873361267149E-12,50000.0,86.7,73.37571865541373,79.4753086419753,72.74590163934425,50000.0,-1.0,24700.0,19916.77126890244,-261.6,213.05773865316417,74.60000000000001,60.87363961518976,37.800000000000004,30.43681980759488,37.800000000000004,30.43681980759488,8.6,4.993328882953068,0.0,0.0,0.0,0.0,1.0,0.0
51000.0,4.11756434,-1.0652168395204676E-12,51000.0,89.9,79.79256366342815,85.57142857142857,79.63709677419355,51000.0,-1.0,25500.0,20186.62923818635,-274.20000000000005,222.00290288392378,78.19999999999999,63.42940082397822,39.599999999999994,31.71470041198911,39.599999999999994,31.71470041198911,8.7,4.9899899799498595,0.0,0.0,0.0,0.0,1.0,0.0
52000.0,4.205592759,-1.087989854471137E-12,52000.0,87.8,75.60546437597978,82.59629101283879,75.45271629778672,52000.0,-1.0,26300.0,20461.61718383417,-283.3,227.81866570683894,80.8,65.09104734481113,40.9,32.545523672405565,40.9,32.545523672405565,8.799999999999999,4.984420171338332,0.0,0.0,0.0,0.0,1.0,0.0
53000.0,4.292005163,-1.1103448051855795E-12,53000.0,89.3,78.62154947812606,86.15782664941786,77.66179540709813,53000.0,-1.0,27100.0,20741.531069598288,-288.2,232.51991551501803,82.2,66.43426157571943,41.6,33.217130787859716,41.6,33.217130787859716,8.799999999999999,4.984420171338332,0.0,0.0,0.0,0.0,1.0,0.0
54000.0,4.380057059,-1.1331238936529391E-12,54000.0,85.9,71.83852489793962,81.34920634920636,70.74688796680498,54000.0,-1.0,27950.0,20955.574702477406,-299.4,231.3367915207417,85.4,66.09622614878334,43.2,33.04811307439167,43.2,33.04811307439167,9.100000000000001,4.605552204797066,0.0,0.0,0.0,0.0,1.0,0.0
55000.0,4.458384682,-1.153387305740681E-12,55000.0,87.7,75.40137752285872,84.87084870848707,74.79508196721312,55000.0,-1.0,28850.0,21102.988203359047,-304.99999999999994,231.60023028198108,87.0,66.17149436628031,44.0,33.08574718314016,44.0,33.08574718314016,9.4,4.273952113286562,0.0,0.0,0.0,0.0,1.0,0.0
56000.0,4.536684099,-1.1736434209160506E-12,56000.0,86.6,73.19817747606837,83.01647655259823,71.42857142857143,56000.0,-1.0,29750.0,21254.084574761415,-312.70000000000005,235.13355542943864,89.2,67.18101583698247,45.1,33.590507918491234,45.1,33.590507918491234,9.5,4.527692569068708,0.0,0.0,0.0,0.0,1.0,0.0
57000.0,4.627059071,-1.1970234908060067E-12,57000.0,85.5,70.97585190878812,81.6919191919192,70.34764826175869,57000.0,-1.0,30650.0,21408.7858392556,-324.6,231.7600291489262,92.6,66.21715118540749,46.8,33.108575592703744,46.8,33.108575592703744,9.799999999999999,4.565571644870382,0.0,0.0,0.0,0.0,1.0,0.0
58000.0,4.703655656,-1.2168390821251605E-12,58000.0,88.5,77.0,85.88957055214725,77.0,58000.0,-1.0,31550.0,21567.014422750108,-333.7,234.13578681326499,95.2,66.89593908950428,48.1,33.44796954475214,48.1,33.44796954475214,10.1,4.653553003411002,0.0,0.0,0.0,0.0,1.0,0.0
59000.0,4.790965981,-1.23942632564447E-12,59000.0,87.3,74.6103589735388,83.84223918575063,72.97872340425532,59000.0,-1.0,26950.0,22063.607542235193,-284.7,238.33032632135686,81.2,68.0943789489591,41.1,34.04718947447955,41.1,34.04718947447955,9.0,5.0990195135927845,0.0,0.0,0.0,0.0,1.0,0.0
60000.0,4.875275422,-1.2612372383268345E-12,60000.0,87.2,74.39641549816974,84.05977584059777,72.47311827956989,60000.0,-1.0,23700.0,23019.55690277291,-254.6,251.80115611772362,72.6,71.94318746220674,36.8,35.97159373110337,36.8,35.97159373110337,8.3,5.417051268397268,0.0,0.0,0.0,0.0,1.0,0.0
61000.0,4.959304749,-1.2829756853170695E-12,61000.0,87.6,75.19404657117708,84.69135802469134,74.53798767967146,61000.0,-1.0,24400.0,23348.56645611365,-263.0,253.03491195221793,74.99999999999999,72.2956891292051,37.99999999999999,36.14784456460255,37.99999999999999,36.14784456460255,8.5,5.104464277037851,0.0,0.0,0.0,0.0,1.0,0.0
62000.0,5.041015171,-1.304114229925391E-12,62000.0,89.4,78.8021197880212,87.30538922155688,78.41140529531569,62000.0,-1.0,19350.0,20956.370020698825,-201.39999999999998,212.75087152191253,57.400000000000006,60.78596329197501,29.200000000000003,30.392981645987504,29.200000000000003,30.392981645987504,7.800000000000001,5.493430419854044,0.0,0.0,0.0,0.0,1.0,0.0
63000.0,5.124081598,-1.325603573996988E-12,63000.0,88.4,76.82076859134216,85.62577447335813,75.98343685300208,63000.0,-1.0,20150.0,21156.887504755727,-210.5,213.24802982025935,60.000000000000014,60.9280085200741,30.500000000000007,30.46400426003705,30.500000000000007,30.46400426003705,8.1,5.566766466171263,0.0,0.0,0.0,0.0,1.0,0.0
64000.0,5.206265894,-1.3468647101480104E-12,64000.0,87.2,74.39436676068735,83.6734693877551,73.93075356415478,64000.0,-1.0,20950.0,21363.845367557053,-220.3,212.6907248669872,62.8,60.768778533424914,31.9,30.384389266712457,31.9,30.384389266712457,8.7,5.207899981971833,0.0,0.0,0.0,0.0,1.0,0.0
65000.0,5.268107688,-1.3628632264832659E-12,65000.0,89.1,78.19214917370255,86.9928400954654,77.61806981519508,65000.0,-1.0,21850.0,21472.268937709712,-221.70000000000002,216.04323127045146,63.199999999999996,61.72663750584327,32.1,30.863318752921636,32.1,30.863318752921636,8.5,5.522680508593631,0.0,0.0,0.0,0.0,1.0,0.0
66000.0,5.341660871,-1.3818914875284668E-12,66000.0,88.4,76.80259810901178,85.83638583638586,74.67248908296943,66000.0,-1.0,22550.0,21796.34271054563,-228.0,217.06271495174434,65.0,62.017918557641245,33.0,31.008959278820623,33.0,31.008959278820623,8.799999999999999,5.308274463305168,0.0,0.0,0.0,0.0,1.0,0.0
67000.0,5.415344197,-1.4009534166608422E-12,67000.0,87.8,75.60439120958227,84.91965389369594,74.04255319148936,67000.0,-1.0,16850.0,16857.32613567301,-166.4,162.55816053202483,47.4,46.44518872343566,24.2,23.22259436171783,24.2,23.22259436171783,7.7,5.478239782184704,0.0,0.0,0.0,0.0,1.0,0.0
68000.0,5.49430231,-1.4213799369624923E-12,68000.0,87.0,73.99250984283474,83.79052369077306,73.73737373737373,68000.0,-1.0,17600.0,17123.40827963613,-174.8,166.50912554238246,49.800000000000004,47.57403586925214,25.400000000000002,23.78701793462607,25.400000000000002,23.78701793462607,8.0,5.656854249492381,0.0,0.0,0.0,0.0,1.0,0.0
69000.0,5.584655652,-1.4447544111559791E-12,69000.0,88.5,76.98784958458066,85.73200992555832,76.33744855967079,69000.0,-1.0,18500.0,17236.91129846386,-188.1,162.63350071727396,53.6,46.46671449064971,27.3,23.233357245324854,27.3,23.233357245324854,8.7,5.143496432929215,0.0,0.0,0.0,0.0,1.0,0.0
70000.0,5.664143355,-1.4653179367693764E-12,70000.0,89.3,78.62223287780708,86.98296836982968,77.70833333333333,70000.0,-1.0,19250.0,17518.64086559736,-194.4,171.7751760619418,55.400000000000006,49.07862173198338,28.200000000000003,24.53931086599169,28.200000000000003,24.53931086599169,8.399999999999999,5.58171618371586,0.0,0.0,0.0,0.0,1.0,0.0
71000.0,5.755677934,-1.4889979978195498E-12,71000.0,90.0,79.99807981566231,87.95180722891567,79.46611909650925,71000.0,-1.0,20000.0,17812.292883786125,-207.7,175.06065615475492,59.2,50.01733032992998,30.1,25.00866516496499,30.1,25.00866516496499,9.2,5.513619500836089,0.0,0.0,0.0,0.0,1.0,0.0
72000.0,5.843700607,-1.5117695262759098E-12,72000.0,89.1,78.18411803793161,86.55980271270037,77.57201646090536,72000.0,-1.0,20850.0,17995.446955024792,-218.19999999999996,178.19701955357667,62.2,50.913434158164755,31.6,25.456717079082377,31.6,25.456717079082377,9.5,5.275730597114805,0.0,0.0,0.0,0.0,1.0,0.0
73000.0,5.919665516,-1.5314217025621073E-12,73000.0,89.2,78.4003455944705,86.11825192802057,78.13765182186235,73000.0,-1.0,21750.0,18123.419471317582,-223.10000000000002,179.74392278399228,63.6,51.355406509712076,32.300000000000004,25.677703254856038,32.300000000000004,25.677703254856038,9.5,5.359311730271176,0.0,0.0,0.0,0.0,1.0,0.0
74000.0,5.998524175,-1.5518224940428306E-12,74000.0,88.2,76.40330353750475,82.92329956584659,75.10548523206751,74000.0,-1.0,22650.0,18255.973147316898,-232.9,182.2406528619659,66.4,52.06875796056168,33.7,26.03437898028084,33.7,26.03437898028084,9.799999999999999,5.493430419854044,0.0,0.0,0.0,0.0,1.0,0.0
75000.0,6.099579541,-1.5779655894988943E-12,75000.0,88.4,76.82336205105254,82.68656716417912,76.13168724279835,75000.0,-1.0,19750.0,18767.954366715385,-207.0,192.35499589156618,59.0,54.958570254733196,30.0,27.479285127366598,30.0,27.479285127366598,8.7,5.696977756280567,0.0,0.0,0.0,0.0,1.0,0.0
76000.0,6.196332437,-1.6029956328889564E-12,76000.0,86.7,73.39382736794936,79.60122699386503,73.92156862745098,76000.0,-1.0,20550.0,18996.27156400259,-216.8,200.01988790006746,61.8,57.14853940001928,31.4,28.57426970000964,31.4,28.57426970000964,9.0,5.696002496878354,0.0,0.0,0.0,0.0,1.0,0.0
77000.0,6.290188103,-1.6272761608060037E-12,77000.0,86.8,73.6143537915374,80.84179970972423,73.06122448979592,77000.0,-1.0,21350.0,19231.123501010312,-224.5,204.94186167463852,64.0,58.55481762132529,32.5,29.277408810662646,32.5,29.277408810662646,9.0,5.696002496878354,0.0,0.0,0.0,0.0,1.0,0.0
78000.0,6.3821429,-1.6510649325533047E-12,78000.0,88.2,76.38082122683619,84.4121532364597,74.235807860262,78000.0,-1.0,22150.0,19472.273735864655,-232.89999999999998,210.64844330463652,66.4,60.185269515610436,33.7,30.092634757805218,33.7,30.092634757805218,9.0,5.696002496878354,0.0,0.0,0.0,0.0,1.0,0.0
79000.0,6.49594561,-1.6805057750186989E-12,79000.0,88.0,75.97693786034593,84.84848484848484,75.15527950310559,79000.0,-1.0,23050.0,19597.973251220534,-246.2,208.9134855495079,70.2,59.6895672998594,35.6,29.8447836499297,35.6,29.8447836499297,9.5,5.060742150229659,0.0,0.0,0.0,0.0,1.0,0.0
80000.0,6.570345735,-1.6997531405650082E-12,80000.0,88.6,77.20155029457997,85.78553615960098,77.2,80000.0,-1.0,19550.0,19415.700977416305,-202.8,205.07332022149217,57.8,58.59237720614062,29.4,29.29618860307031,29.4,29.29618860307031,8.1,5.466056876558985,0.0,0.0,0.0,0.0,1.0,0.0
81000.0,6.66046071,-1.7230659490451219E-12,81000.0,89.3,78.57737771086268,87.12394705174489,77.89256198347107,81000.0,-1.0,20450.0,19526.975643395926,-210.5,206.84575573761882,60.0,59.098787353605374,30.5,29.549393676802687,30.5,29.549393676802687,8.3,5.250396810400778,0.0,0.0,0.0,0.0,1.0,0.0
82000.0,6.74096502,-1.7438924716164672E-12,82000.0,86.9,73.81885042769206,83.86699507389163,73.31975560081466,82000.0,-1.0,21350.0,19642.711399170716,-221.0,206.47033685253678,63.0,58.9915248150105,32.0,29.49576240750525,32.0,29.49576240750525,8.9,5.021066730398144,0.0,0.0,0.0,0.0,1.0,0.0
83000.0,6.829618818,-1.7668272725616896E-12,83000.0,87.0,74.00405536736268,83.81070983810712,73.63083164300203,83000.0,-1.0,15650.0,13032.118442951289,-160.79999999999998,129.12422958789207,45.8,36.89263702511202,23.4,18.44631851255601,23.4,18.44631851255601,7.5,4.249182927993988,0.0,0.0,0.0,0.0,1.0,0.0
84000.0,6.910399353,-1.7877252547380829E-12,84000.0,86.8,73.62605745523423,83.7037037037037,72.44258872651356,84000.0,-1.0,16500.0,13226.656586017663,-167.1,134.20419764920422,47.6,38.3440564712012,24.3,19.1720282356006,24.3,19.1720282356006,7.4,4.427188724235731,0.0,0.0,0.0,0.0,1.0,0.0
85000.0,6.98759277,-1.8076952469224735E-12,85000.0,88.6,77.21394506561985,85.94327990135636,76.3975155279503,85000.0,-1.0,17250.0,13556.978522763347,-173.4,138.46716417821068,49.4,39.5620469080602,25.2,19.7810234540301,25.2,19.7810234540301,7.5,4.600724580614087,0.0,0.0,0.0,0.0,1.0,0.0
86000.0,7.069416857,-1.828863196747585E-12,86000.0,89.60000000000001,79.19325861579152,87.46987951807229,79.48717948717949,86000.0,-1.0,18100.0,13763.478242556761,-181.8,139.50133412344925,51.8,39.85752403527121,26.4,19.928762017635606,26.4,19.928762017635606,7.8999999999999995,4.383048152953731,0.0,0.0,0.0,0.0,1.0,0.0
87000.0,7.146097383,-1.848700503663471E-12,87000.0,89.4,78.80813767513276,87.13592233009709,78.32310838445808,87000.0,-1.0,19000.0,13908.430696683377,-189.49999999999997,141.47968051985416,54.00000000000001,40.422765862815474,27.500000000000004,20.211382931407737,27.500000000000004,20.211382931407737,8.2,4.4671641514002545,0.0,0.0,0.0,0.0,1.0,0.0
88000.0,7.245288957,-1.8743614347962048E-12,88000.0,88.9,77.78987218171487,86.59420289855073,77.34693877551021,88000.0,-1.0,19900.0,14059.002651523882,-204.19999999999996,139.30605793639336,58.199999999999996,39.801730838969526,29.599999999999998,19.900865419484763,29.599999999999998,19.900865419484763,8.7,4.24394994210713,0.0,0.0,0.0,0.0,1.0,0.0
89000.0,7.325749424,-1.8951766151520946E-12,89000.0,90.0,79.9827050571694,88.09523809523809,79.50819672131148,89000.0,-1.0,20800.0,14215.015535224245,-213.3,140.48333234468302,60.8,40.13809495562372,30.9,20.06904747781186,30.9,20.06904747781186,8.899999999999999,4.254409477236529,0.0,0.0,0.0,0.0,1.0,0.0
90000.0,7.394421852,-1.9129422213882215E-12,90000.0,88.8,77.62282471878684,86.60287081339713,77.23577235772358,90000.0,-1.0,21700.0,14376.292212450948,-217.5,142.323770170536,62.0,40.66393433443886,31.5,20.33196716721943,31.5,20.33196716721943,8.999999999999998,4.396968652757639,0.0,0.0,0.0,0.0,1.0,0.0
91000.0,7.463681855,-1.9308598336970646E-12,91000.0,88.8,77.60134391936484,86.27450980392156,77.46478873239437,91000.0,-1.0,21500.0,15795.568998931314,-211.9,157.94615819604124,60.4,45.1274737702975,30.7,22.56373688514875,30.7,22.56373688514875,8.7,5.056349144063003,0.0,0.0,0.0,0.0,1.0,0.0
92000.0,7.544755521,-1.9518336490727966E-12,92000.0,90.0,80.0,87.98076923076923,79.38144329896907,92000.0,-1.0,22300.0,16090.369790654284,-219.60000000000002,159.13949157194696,62.6,45.46842616341342,31.8,22.73421308170671,31.8,22.73421308170671,8.899999999999999,4.771442828607157,0.0,0.0,0.0,0.0,1.0,0.0
93000.0,7.629742796,-1.9738199178957283E-12,93000.0,88.3,76.59157296626786,85.73170731707317,75.52301255230127,93000.0,-1.0,22450.0,17145.537158235795,-223.1,169.8708332822324,63.6,48.53452379492355,32.3,24.267261897461776,32.3,24.267261897461776,8.8,5.223876806442595,0.0,0.0,0.0,0.0,1.0,0.0
94000.0,7.718888229,-1.9968819051670537E-12,94000.0,86.9,73.80356271547069,83.50125944584383,73.8,94000.0,-1.0,23300.0,17359.275458510485,-234.3,173.78086456479863,66.8,49.65167558994247,33.9,24.825837794971235,33.9,24.825837794971235,8.9,5.087020520675907,0.0,0.0,0.0,0.0,1.0,0.0
95000.0,7.803967184,-2.018891891671552E-12,95000.0,90.10000000000001,80.20190061754072,88.15789473684211,79.83706720977597,95000.0,-1.0,24050.0,17719.18295081476,-242.00000000000003,175.51258264485386,69.0,50.14645218424396,35.0,25.07322609212198,35.0,25.07322609212198,9.0,5.2915026221291805,0.0,0.0,0.0,0.0,1.0,0.0
96000.0,7.879233141,-2.0383632485754795E-12,96000.0,87.0,74.00530291820469,83.50253807106598,73.5234215885947,96000.0,-1.0,24950.0,17869.045239681323,-247.6,178.94704368735583,70.6,51.12772676781596,35.800000000000004,25.56386338390798,35.800000000000004,25.56386338390798,9.100000000000001,5.40473043833928,0.0,0.0,0.0,0.0,1.0,0.0
97000.0,7.95935757,-2.059091495660445E-12,97000.0,90.9,81.80480353186759,89.24349881796691,81.5040650406504,97000.0,-1.0,25650.0,18313.701610178832,-256.00000000000006,185.90678667905948,73.0,53.11622476544557,37.0,26.558112382722786,37.0,26.558112382722786,9.2,5.633234713140696,0.0,0.0,0.0,0.0,1.0,0.0
98000.0,8.042947247,-2.080716204881255E-12,98000.0,88.4,76.8015774927305,85.74938574938574,76.22950819672131,98000.0,-1.0,26450.0,18618.166158650296,-262.3,184.5384934249642,74.80000000000001,52.725283835704055,37.900000000000006,26.362641917852027,37.900000000000006,26.362641917852027,9.399999999999999,5.295700562196133,0.0,0.0,0.0,0.0,1.0,0.0
99000.0,8.121204588,-2.1009614349653332E-12,99000.0,91.0,81.99747964715061,89.33649289099527,81.85483870967742,99000.0,-1.0,27300.0,18850.582071767556,-269.3,189.25764332136114,76.80000000000001,54.07361237753175,38.900000000000006,27.036806188765876,38.900000000000006,27.036806188765876,9.399999999999999,5.378971401051816,0.0,0.0,0.0,0.0,1.0,0.0
100000.0,8.198824622,-2.1210417932727277E-12,100000.0,88.7,77.4021693917384,86.04938271604938,77.53479125248509,100000.0,-1.0,28050.0,19240.365554392843,-277.0,190.33479275564238,79.0,54.381369358754974,40.0,27.190684679377487,40.0,27.190684679377487,9.5,5.400617248673217,0.0,0.0,0.0,0.0,1.0,0.0
